{"display":"MIRAI.978212.001","product":"mirai","device":"mirai","board":"mirai","model":"mirai","finger_print":"mamoe/mirai/mirai:10/MIRAI.200122.001/0494429:user/release-keys","boot_id":"a3cdbc2f-cd56-5947-8f71-66a5348255ba","proc_version":"Linux version 3.0.31-jtLCkHwf (android-build@xxx.xxx.xxx.xxx.com)","protocol":2,"imei":"900007065228500","brand":"mamoe","bootloader":"unknown","base_band":"","version":{"incremental":"5891938","release":"10","codename":"REL","sdk":29},"sim_info":"T-Mobile","os_type":"android","mac_address":"00:50:56:C0:00:08","ip_address":[10,0,1,3],"wifi_bssid":"00:50:56:C0:00:08","wifi_ssid":"\u003cunknown ssid\u003e","imsi_md5":"1722fd92e542f4fec485e20d9db956ae","android_id":"dcab7e7890925d3a","apn":"wifi","vendor_name":"MIUI","vendor_os_name":"mirai"}
